{
  "ethereum": {
    "x": 0,
    "y": 0
  },
  "arbitrum_nova": {
    "x": 4411.035030689079,
    "y": 398.4712839758922
  },
  "arbitrum_one": {
    "x": 3866.735470623944,
    "y": -900.8942747091969
  },
  "base": {
    "x": -4215.571612696201,
    "y": -2259.4020569890918
  },
  "optimism": {
    "x": -2552.0762585645266,
    "y": -1823.703638945458
  },
  "polygon_pos": {
    "x": 3253.780963022984,
    "y": 3644.553673186071
  },
  "polygon_zkevm": {
    "x": 2696.245927131159,
    "y": 1510.961518662923
  },
  "unichain": {
    "x": -4230.248448147685,
    "y": -3568.2466653534916
  },
  "zksync": {
    "x": -2660.2610853291153,
    "y": 761.6397751005584
  },
  "cronos": {
    "x": -4533.032485802279,
    "y": 2389.8794026471096
  },
  "rootstock": {
    "x": -8008.782970692952,
    "y": -1211.4313512465078
  },
  "bnb": {
    "x": 6127.017241719812,
    "y": -2908.962142080069
  },
  "gnosis": {
    "x": 3524.1122145443096,
    "y": -4190.575344191922
  },
  "sonic": {
    "x": 2862.689898401377,
    "y": -6163.457172484492
  },
  "fraxtal": {
    "x": -6062.0572330117475,
    "y": -2960.6482314754767
  },
  "filecoin": {
    "x": 1415.037107353055,
    "y": -4851.248469782518
  },
  "pulsechain": {
    "x": -313.11128708859087,
    "y": -5168.707925030252
  },
  "cronos_zkevm": {
    "x": -2771.456083596549,
    "y": 1592.4300850898023
  },
  "lisk": {
    "x": -3083.474734864856,
    "y": -3294.320072521643
  },
  "soneium": {
    "x": -5977.563496261044,
    "y": -2024.2916163760656
  },
  "kava": {
    "x": -5649.374969544896,
    "y": 2713.755863654321
  },
  "morph": {
    "x": 316.08059945214336,
    "y": -2253.8012723742645
  },
  "immutable_zkevm": {
    "x": 2017.9178475670433,
    "y": 1291.2088654720774
  },
  "mantle": {
    "x": -2338.86198222004,
    "y": -2814.043064127174
  },
  "apechain": {
    "x": 5180.474561669676,
    "y": -602.2749195419688
  },
  "etherlink": {
    "x": -3290.324885263911,
    "y": 4602.861196794821
  },
  "hemi": {
    "x": -5350.195121906091,
    "y": -1419.4531774896222
  },
  "sophon": {
    "x": -2066.128795321512,
    "y": 2007.7255250501921
  },
  "avalanche": {
    "x": 5674.728811298082,
    "y": -4889.978459434291
  },
  "bob": {
    "x": -4350.529062823747,
    "y": -1136.160600068467
  },
  "linea": {
    "x": 2014.0023706971697,
    "y": -1916.2386777147153
  },
  "berachain": {
    "x": -7963.738678247342,
    "y": 952.2470598874047
  },
  "taiko": {
    "x": 2903.721209572046,
    "y": 421.969816662463
  },
  "bitlayer": {
    "x": -4478.907636715816,
    "y": 247.29287064080972
  },
  "scroll": {
    "x": 414.71893398263455,
    "y": 1786.4465278977823
  },
  "blast": {
    "x": -5382.672522744234,
    "y": -3330.1825603024877
  },
  "celo": {
    "x": -3413.1692066403875,
    "y": -1269.7483790923345
  },
  "abstract": {
    "x": -1917.0825543437486,
    "y": 1137.488146585722
  }
}
