{
    "ethereum": {
        "x": 0,
        "y": 0
    },
    "arbitrum_nova": {
        "x": 4048.230719126811,
        "y": 1469.6614691591603
    },
    "arbitrum_one": {
        "x": 4667.245321390226,
        "y": 599.2073819733614
    },
    "base": {
        "x": -3165.780783989252,
        "y": -2164.2854544759994
    },
    "optimism": {
        "x": -2033.3419267096237,
        "y": -1857.4017953071075
    },
    "polygon_pos": {
        "x": 2069.670549491497,
        "y": 3692.636015626581
    },
    "polygon_zkevm": {
        "x": 2591.8067265836517,
        "y": 1685.026852908767
    },
    "unichain": {
        "x": -2020.1496000740444,
        "y": -2798.470858587908
    },
    "zksync": {
        "x": -2517.080749506113,
        "y": 1281.1183296995187
    },
    "cronos": {
        "x": -4109.532736223832,
        "y": 1856.3790110266673
    },
    "rootstock": {
        "x": -6656.282967837984,
        "y": -2596.4314193544114
    },
    "bnb": {
        "x": 4522.125413999276,
        "y": -1012.7082906341138
    },
    "gnosis": {
        "x": 3159.6184944797224,
        "y": -2731.768138909486
    },
    "sonic": {
        "x": 1765.2311116485726,
        "y": -2557.649718846238
    },
    "fraxtal": {
        "x": -1213.8492361699282,
        "y": -1416.258480447622
    },
    "filecoin": {
        "x": 2206.3532731502783,
        "y": -3557.3207759675606
    },
    "pulsechain": {
        "x": 939.8131036115601,
        "y": -3309.2707551440367
    },
    "cronos_zkevm": {
        "x": -1765.0810734356442,
        "y": 768.5783177630917
    },
    "lisk": {
        "x": -1262.7298041750996,
        "y": -2295.2694850113653
    },
    "soneium": {
        "x": -3509.1156565733127,
        "y": -1214.0674733988312
    },
    "kava": {
        "x": -4847.87473380604,
        "y": 2136.2558387687413
    },
    "morph": {
        "x": 682.5808376381156,
        "y": -1499.801010420792
    },
    "immutable_zkevm": {
        "x": 2017.9178475670433,
        "y": 1291.2088654720774
    },
    "mantle": {
        "x": -1908.278572184312,
        "y": -896.116335542416
    },
    "apechain": {
        "x": 4297.731935168538,
        "y": 2986.3765961967356
    },
    "etherlink": {
        "x": -5132.82485793778,
        "y": 4278.361059269247
    },
    "hemi": {
        "x": -3041.1746177424893,
        "y": -3161.9431161454104
    },
    "sophon": {
        "x": -1917.6290416645365,
        "y": 1611.7251399785873
    },
    "avalanche": {
        "x": 4673.77324197179,
        "y": -2348.1961385168925
    },
    "bob": {
        "x": -4164.804769719989,
        "y": -1705.483590295597
    },
    "linea": {
        "x": 1899.502852371199,
        "y": -903.7386580682046
    },
    "berachain": {
        "x": -4365.238666725503,
        "y": -72.25248562332081
    },
    "taiko": {
        "x": 2591.7216949167505,
        "y": -26.030086414752986
    },
    "bitlayer": {
        "x": -4900.534342067935,
        "y": -3479.2028561546995
    },
    "scroll": {
        "x": 893.218682745377,
        "y": 1511.446514800111
    },
    "blast": {
        "x": -1329.9435237506782,
        "y": -3157.2299212375115
    },
    "celo": {
        "x": -2814.0860405005687,
        "y": -971.5873815215057
    },
    "abstract": {
        "x": -2379.664762567575,
        "y": 425.7748874619185
    }
}