{
    "ethereum": {
        "x": 0,
        "y": 0
    },
    "arbitrum_nova": {
        "x": 4048.230719126811,
        "y": 1469.6614691591603
    },
    "arbitrum_one": {
        "x": 4667.245321390226,
        "y": 599.2073819733614
    },
    "base": {
        "x": -3413.770185154398,
        "y": -2601.5299249513887
    },
    "optimism": {
        "x": -2092.0762585645266,
        "y": -2183.703638945458
    },
    "polygon_pos": {
        "x": 2069.670549491497,
        "y": 3692.636015626581
    },
    "polygon_zkevm": {
        "x": 2696.245927131159,
        "y": 1510.961518662923
    },
    "unichain": {
        "x": -2170.248448147685,
        "y": -3118.2466653534916
    },
    "zksync": {
        "x": -2731.7613284093204,
        "y": 1339.1401077814667
    },
    "cronos": {
        "x": -4109.532736223832,
        "y": 1856.3790110266673
    },
    "rootstock": {
        "x": -6656.282967837984,
        "y": -2596.4314193544114
    },
    "bnb": {
        "x": 4522.125413999276,
        "y": -1012.7082906341138
    },
    "gnosis": {
        "x": 3159.6184944797224,
        "y": -2731.768138909486
    },
    "sonic": {
        "x": 1765.2311116485726,
        "y": -2557.649718846238
    },
    "fraxtal": {
        "x": -1266.0575311520652,
        "y": -2140.648573324759
    },
    "filecoin": {
        "x": 2206.3532731502783,
        "y": -3557.3207759675606
    },
    "pulsechain": {
        "x": 939.8131036115601,
        "y": -3309.2707551440367
    },
    "cronos_zkevm": {
        "x": -3029.95583562211,
        "y": 640.9304059828062
    },
    "lisk": {
        "x": -1073.4747348648566,
        "y": -2889.138840433163
    },
    "soneium": {
        "x": -3496.063582827778,
        "y": -1520.7912064188808
    },
    "kava": {
        "x": -4847.87473380604,
        "y": 2136.2558387687413
    },
    "morph": {
        "x": 682.5808376381156,
        "y": -1499.801010420792
    },
    "immutable_zkevm": {
        "x": 2017.9178475670433,
        "y": 1291.2088654720774
    },
    "mantle": {
        "x": -1803.8619822200399,
        "y": -1379.0430641271741
    },
    "apechain": {
        "x": 4297.731935168538,
        "y": 2986.3765961967356
    },
    "etherlink": {
        "x": -5132.82485793778,
        "y": 4278.361059269247
    },
    "hemi": {
        "x": -3171.6953551978295,
        "y": -3540.453254765897
    },
    "sophon": {
        "x": -1917.6290416645365,
        "y": 1611.7251399785873
    },
    "avalanche": {
        "x": 4673.77324197179,
        "y": -2348.1961385168925
    },
    "bob": {
        "x": -4471.528502740038,
        "y": -1875.1605489875396
    },
    "linea": {
        "x": 1899.502852371199,
        "y": -903.7386580682046
    },
    "berachain": {
        "x": -4365.238666725503,
        "y": -72.25248562332081
    },
    "taiko": {
        "x": 2591.7216949167505,
        "y": -26.030086414752986
    },
    "bitlayer": {
        "x": -4900.534342067935,
        "y": -3479.2028561546995
    },
    "scroll": {
        "x": 893.218682745377,
        "y": 1511.446514800111
    },
    "blast": {
        "x": -1512.6725561881535,
        "y": -3646.6826866950373
    },
    "celo": {
        "x": -2709.6694505362966,
        "y": -1513.2484419611676
    },
    "abstract": {
        "x": -2426.082185033133,
        "y": 727.4881334880479
    }
}