{
    "ethereum": {
        "x": 0,
        "y": 0
    },
    "arbitrum_nova": {
        "x": 4048.230719126811,
        "y": 1469.6614691591603
    },
    "arbitrum_one": {
        "x": 4907.245321390226,
        "y": 579.2073819733614
    },
    "base": {
        "x": -4093.770185154398,
        "y": -2241.5299249513887
    },
    "optimism": {
        "x": -2552.0762585645266,
        "y": -1823.703638945458
    },
    "polygon_pos": {
        "x": 2199.670549491497,
        "y": 3357.636015626581
    },
    "polygon_zkevm": {
        "x": 2696.245927131159,
        "y": 1510.961518662923
    },
    "unichain": {
        "x": -4230.248448147685,
        "y": -3568.2466653534916
    },
    "zksync": {
        "x": -2731.7613284093204,
        "y": 1339.1401077814667
    },
    "cronos": {
        "x": -4109.532736223832,
        "y": 1856.3790110266673
    },
    "rootstock": {
        "x": -8201.282967837984,
        "y": -2641.4314193544114
    },
    "bnb": {
        "x": 4842.125413999276,
        "y": -1062.7082906341138
    },
    "gnosis": {
        "x": 3274.6184944797224,
        "y": -2986.768138909486
    },
    "sonic": {
        "x": 1675.2311116485726,
        "y": -2737.649718846238
    },
    "fraxtal": {
        "x": -2421.057531152065,
        "y": -3730.648573324759
    },
    "filecoin": {
        "x": 2186.3532731502783,
        "y": -3812.3207759675606
    },
    "pulsechain": {
        "x": 709.8131036115601,
        "y": -3659.2707551440367
    },
    "cronos_zkevm": {
        "x": -3029.95583562211,
        "y": 640.9304059828062
    },
    "lisk": {
        "x": -3083.474734864856,
        "y": -3094.138840433163
    },
    "soneium": {
        "x": -4256.063582827778,
        "y": -1105.7912064188808
    },
    "kava": {
        "x": -5082.87473380604,
        "y": 2191.2558387687413
    },
    "morph": {
        "x": 717.5808376381156,
        "y": -1879.801010420792
    },
    "immutable_zkevm": {
        "x": 2017.9178475670433,
        "y": 1291.2088654720774
    },
    "mantle": {
        "x": -2338.86198222004,
        "y": -2814.043064127174
    },
    "apechain": {
        "x": 4197.731935168538,
        "y": 2811.3765961967356
    },
    "etherlink": {
        "x": -5132.82485793778,
        "y": 4278.361059269247
    },
    "hemi": {
        "x": -6081.6953551978295,
        "y": -1760.4532547658969
    },
    "sophon": {
        "x": -1917.6290416645365,
        "y": 1611.7251399785873
    },
    "avalanche": {
        "x": 4913.77324197179,
        "y": -2688.1961385168925
    },
    "bob": {
        "x": -5076.528502740038,
        "y": -1345.1605489875396
    },
    "linea": {
        "x": 2459.502852371199,
        "y": -1503.7386580682046
    },
    "berachain": {
        "x": -4625.238666725503,
        "y": 242.7475143766792
    },
    "taiko": {
        "x": 3101.7216949167505,
        "y": -106.03008641475299
    },
    "bitlayer": {
        "x": -5620.534342067935,
        "y": -2829.2028561546995
    },
    "scroll": {
        "x": 893.218682745377,
        "y": 1511.446514800111
    },
    "blast": {
        "x": -3127.6725561881535,
        "y": -4061.6826866950373
    },
    "celo": {
        "x": -3429.6694505362966,
        "y": -1308.2484419611676
    },
    "abstract": {
        "x": -2426.082185033133,
        "y": 727.4881334880479
    }
}