{
  "ethereum": {
    "x": 0,
    "y": 0
  },
  "arbitrum_nova": {
    "x": 4411.035030689079,
    "y": 398.4712839758922
  },
  "arbitrum_one": {
    "x": 3866.735470623944,
    "y": -900.8942747091969
  },
  "base": {
    "x": -4215.571612696201,
    "y": -2259.4020569890918
  },
  "optimism": {
    "x": -2552.0762585645266,
    "y": -1823.703638945458
  },
  "polygon_pos": {
    "x": 3253.780963022984,
    "y": 3644.553673186071
  },
  "polygon_zkevm": {
    "x": 2696.245927131159,
    "y": 1510.961518662923
  },
  "unichain": {
    "x": -4230.248448147685,
    "y": -3568.2466653534916
  },
  "zksync": {
    "x": -3446.761317805149,
    "y": 519.6396415042859
  },
  "cronos": {
    "x": -4533.032485802279,
    "y": 2389.8794026471096
  },
  "rootstock": {
    "x": -8201.282967837984,
    "y": -2641.4314193544114
  },
  "bnb": {
    "x": 6127.017241719812,
    "y": -2908.962142080069
  },
  "gnosis": {
    "x": 3524.1122145443096,
    "y": -4190.575344191922
  },
  "sonic": {
    "x": 2862.689898401377,
    "y": -6163.457172484492
  },
  "fraxtal": {
    "x": -2421.057531152065,
    "y": -3730.648573324759
  },
  "filecoin": {
    "x": 1415.037107353055,
    "y": -4851.248469782518
  },
  "pulsechain": {
    "x": -313.11128708859087,
    "y": -5168.707925030252
  },
  "cronos_zkevm": {
    "x": -3618.4561931049952,
    "y": 1350.4299514935317
  },
  "lisk": {
    "x": -3083.474734864856,
    "y": -3094.138840433163
  },
  "soneium": {
    "x": -4256.063582827778,
    "y": -1105.7912064188808
  },
  "kava": {
    "x": -5649.374969544896,
    "y": 2713.755863654321
  },
  "morph": {
    "x": 316.08059945214336,
    "y": -2253.8012723742645
  },
  "immutable_zkevm": {
    "x": 2017.9178475670433,
    "y": 1291.2088654720774
  },
  "mantle": {
    "x": -2338.86198222004,
    "y": -2814.043064127174
  },
  "apechain": {
    "x": 3860.914582469266,
    "y": 996.3098077951317
  },
  "etherlink": {
    "x": -3290.324885263911,
    "y": 4602.861196794821
  },
  "hemi": {
    "x": -6081.6953551978295,
    "y": -1760.4532547658969
  },
  "sophon": {
    "x": -2814.128662157607,
    "y": 1402.72549623531
  },
  "avalanche": {
    "x": 5674.728811298082,
    "y": -4889.978459434291
  },
  "bob": {
    "x": -5076.528502740038,
    "y": -1345.1605489875396
  },
  "linea": {
    "x": 2014.0023706971697,
    "y": -1916.2386777147153
  },
  "berachain": {
    "x": -7963.738678247342,
    "y": 952.2470598874047
  },
  "taiko": {
    "x": 2903.721209572046,
    "y": 421.969816662463
  },
  "bitlayer": {
    "x": -5793.407128939215,
    "y": -3014.207223662441
  },
  "scroll": {
    "x": 414.71893398263455,
    "y": 1786.4465278977823
  },
  "blast": {
    "x": -3127.6725561881535,
    "y": -4061.6826866950373
  },
  "celo": {
    "x": -3429.6694505362966,
    "y": -1308.2484419611676
  },
  "abstract": {
    "x": -2648.5821772839327,
    "y": 658.9877575848136
  }
}
