{
    "ethereum": {
        "x": 0,
        "y": 0
    },
    "arbitrum_nova": {
        "x": 1903.6139965233042,
        "y": 525.9969235017833
    },
    "arbitrum_one": {
        "x": 1560.0067722125298,
        "y": 1122.853881374329
    },
    "base": {
        "x": -2378.6670385053108,
        "y": -651.4451551551638
    },
    "optimism": {
        "x": -1151.5888272759794,
        "y": -971.870496396401
    },
    "polygon_pos": {
        "x": -1591.6048078461304,
        "y": 1198.1760759902786
    },
    "polygon_zkevm": {
        "x": -2446.825319683667,
        "y": 896.8192243310356
    },
    "unichain": {
        "x": -251.67758199603384,
        "y": -1176.2636797518958
    },
    "zksync": {
        "x": -576.9290200960739,
        "y": 1298.4167260738127
    },
    }
}