{
    "ethereum": {
        "x": 0,
        "y": 0
    },
    "arbitrum_nova": {
        "x": 1829.7786369422406,
        "y": 372.7082883168633
    },
    "arbitrum_one": {
        "x": 1888.2530772641962,
        "y": 1492.4319049220235
    },
    "base": {
        "x": -2157.9635669058916,
        "y": -1352.8809876793644
    },
    "optimism": {
        "x": -1151.5888272759794,
        "y": -971.870496396401
    },
    "polygon_pos": {
        "x": -2101.6305315734853,
        "y": 1418.0769849770734
    },
    "polygon_zkevm": {
        "x": -2446.825319683667,
        "y": 896.8192243310356
    },
    "unichain": {
        "x": -251.67758199603384,
        "y": -1176.2636797518958
    },
    "zksync": {
        "x": -576.9290200960739,
        "y": 1298.4167260738127
    },
    "cronos": {
        "x": 1204.815375675743,
        "y": -1040.366172112801
    },
    "rootstock": {
        "x": 1230.973740562597,
        "y": 941.0872177913524
    },
    "bnb": {
        "x": 3985.2906792652907,
        "y": -810.0257237273547
    },
    "gnosis": {
        "x": -2411.5367726047743,
        "y": -268.38046629362805
    },
    "sonic": {
        "x": 1863.6403821174163,
        "y": -1950.7931576640906
    },
    "fraxtal": {
        "x": -1631.0615385951455,
        "y": -1974.631647792279
    },
    "filecoin": {
        "x": 3582.5694302241473,
        "y": 1355.533255756286
    },
    "pulsechain": {
        "x": -3498.689598944789,
        "y": 567.7346731498536
    },
    "cronos_zkevm": {
        "x": 2039.6389065661022,
        "y": -1134.5037164205773
    },
    "lisk": {
        "x": -468.2989437931624,
        "y": -1753.2885990033624
    },
    "soneium": {
        "x": -1673.5970898773226,
        "y": -295.5044165284639
    },
    "kava": {
        "x": 3482.174435582705,
        "y": 477.2085437046209
    },
    "morph": {
        "x": 331.3812862682047,
        "y": -1830.1711786457724
    },
    "immutable_zkevm": {
        "x": 1000,
        "y": 1400
    },
    "mantle": {
        "x": 571.1079240701329,
        "y": -1340.9242051450824
    },
    "apechain": {
        "x": -2492.4571888133264,
        "y": 370.54360889567613
    },
    "etherlink": {
        "x": -1297.3477891918787,
        "y": 865.8097779859728
    },
    "hemi": {
        "x": 2882.9016621646497,
        "y": -1297.58606724521
    },
    "sophon": {
        "x": -1133.8014228877612,
        "y": -1519.5561148493405
    },
    "avalanche": {
        "x": 2619.4119521085913,
        "y": 756.172751102404
    },
    "bob": {
        "x": 441.08094225927005,
        "y": 1596.4511530146242
    },
    "linea": {
        "x": 250.96242531636653,
        "y": 1059.38932161613
    },
    "berachain": {
        "x": -1575.5972097440122,
        "y": 2104.8091001436605
    },
    "taiko": {
        "x": 4222.672369664714,
        "y": 168.37421302711977
    },
    "bitlayer": {
        "x": 2411.7248779860856,
        "y": -514.6780544021661
    },
    "hydration": {
        "x": -174.24294981781873,
        "y": 2693.648448269736
    },
    "scroll": {
        "x": 1574.0611227517875,
        "y": -488.4444202813551
    },
    "aurora": {
        "x": -3541.5637488492443,
        "y": -142.94311925335808
    },
    "blast": {
        "x": 1042.372617609115,
        "y": -1734.0272104114563
    }
}