{
    "ethereum": {
        "x": 0,
        "y": 0
    },
    "arbitrum_nova": {
        "x": 2112.787353515625,
        "y": -75.43102264404297
    },
    "arbitrum_one": {
        "x": 1816.5900110449509,
        "y": 693.1955582439332
    },
    "base": {
        "x": -2521.011044056443,
        "y": -832.4002234154668
    },
    "optimism": {
        "x": -1230.2055539025696,
        "y": -742.1706210262316
    },
    "polygon": {
        "x": -1334.3721798791325,
        "y": 745.7626010067011
    },
    "unichain": {
        "x": -1486.5283780408188,
        "y": -1509.5537560767207
    },
    "zksync": {
        "x": 907.8258508887002,
        "y": -1081.1266495525274
    }
}