{
    "ethereum": {
        "x": 0,
        "y": 0
    },
    "arbitrum_nova": {
        "x": 4337.706054355622,
        "y": 1712.512438494141
    },
    "arbitrum_one": {
        "x": 5119.181230354639,
        "y": 980.1491516290971
    },
    "base": {
        "x": -3165.780783989252,
        "y": -2164.2854544759994
    },
    "optimism": {
        "x": -2253.6076609113134,
        "y": -1511.3079958503658
    },
    "polygon_pos": {
        "x": 2069.670549491497,
        "y": 3692.636015626581
    },
    "polygon_zkevm": {
        "x": 1330.0309017850032,
        "y": 1587.3228185596126
    },
    "unichain": {
        "x": -2146.7058046682123,
        "y": -2542.0708090755716
    },
    "zksync": {
        "x": -2637.4015327263405,
        "y": 1240.1702446805584
    },
    "cronos": {
        "x": -4109.532736223832,
        "y": 1856.3790110266673
    },
    "rootstock": {
        "x": -7216.848282463787,
        "y": -2782.117017281066
    },
    "bnb": {
        "x": 5044.952947448473,
        "y": -860.3314242432516
    },
    "gnosis": {
        "x": 3159.6184944797224,
        "y": -2731.768138909486
    },
    "sonic": {
        "x": 1765.2311116485726,
        "y": -2557.649718846238
    },
    "fraxtal": {
        "x": -1479.8920505375208,
        "y": -1403.3274936434254
    },
    "filecoin": {
        "x": 2206.3532731502783,
        "y": -3557.3207759675606
    },
    "pulsechain": {
        "x": 939.8131036115601,
        "y": -3309.2707551440367
    },
    "cronos_zkevm": {
        "x": -1986.9274480622935,
        "y": 879.9552606479474
    },
    "lisk": {
        "x": -1561.0082375922793,
        "y": -1945.2217838678453
    },
    "soneium": {
        "x": -3158.5208706207104,
        "y": -1313.3190561211077
    },
    "kava": {
        "x": -4847.87473380604,
        "y": 2136.2558387687413
    },
    "morph": {
        "x": 546.7047869819362,
        "y": -1799.7928092505726
    },
    "immutable_zkevm": {
        "x": 2266.6470753484336,
        "y": 1872.632580325644
    },
    "mantle": {
        "x": -1908.278572184312,
        "y": -896.116335542416
    },
    "apechain": {
        "x": 4297.731935168538,
        "y": 2986.3765961967356
    },
    "etherlink": {
        "x": -6150.289260199994,
        "y": 4488.804187423723
    },
    "hemi": {
        "x": -2938.561509658801,
        "y": -2861.431133108703
    },
    "sophon": {
        "x": -1937.682517897878,
        "y": 1454.39745622393
    },
    "avalanche": {
        "x": 4673.77324197179,
        "y": -2348.1961385168925
    },
    "bob": {
        "x": -3978.39091874367,
        "y": -1661.3716567712263
    },
    "linea": {
        "x": 2321.9004752018664,
        "y": -465.6555304891108
    },
    "berachain": {
        "x": -3863.926894890028,
        "y": -102.93040802147698
    },
    "taiko": {
        "x": 2594.8580147450757,
        "y": 294.47910010947817
    },
    "bitlayer": {
        "x": -5115.545602235732,
        "y": -3999.1224960058503
    },
    "hydration": {
        "x": -1434.0628367101363,
        "y": 5433.425160428941
    },
    "scroll": {
        "x": 1970.4136225053207,
        "y": 922.4276166984446
    },
    "aurora": {
        "x": -7121.109332998649,
        "y": 478.71456980040784
    },
    "blast": {
        "x": -257.47634435254986,
        "y": -2573.9522513182183
    },
    "celo": {
        "x": -2619.650828702841,
        "y": -962.3490522746579
    },
    "abstract": {
        "x": -2859.2454306700065,
        "y": 742.9993827118387
    }
}